{"train/loss": 0.8628, "train/learning_rate": 2.4497991967871488e-05, "train/epoch": 0.04, "train/global_step": 10, "_timestamp": 1705416492.688107, "_runtime": 55.227132081985474, "_step": 0}